{
    "10100": {
        "easy": 75.4,
        "medium": 57.8,
        "hard": 44.800000000000004,
        "extra": 39.2,
        "overall": 56.89999999999999
    },
    "5100": {
        "easy": 73.0,
        "medium": 53.1,
        "hard": 43.7,
        "extra": 27.1,
        "overall": 52.1
    }
}